elo_rank,player,age,elo,helo_rank,helo,celo_rank,celo,gelo_rank,gelo,peak_elo,peak_month,official_rank,log_diff,tour
1.0,Aryna Sabalenka,28.2,2180.9,1.0,2164.7,1.0,2083.6,1.0,1969.4,2271.7,2026-04,1.0,0.0,wta
2.0,Coco Gauff,22.4,2126.9,3.0,2086.8,2.0,2046.2,5.0,1893.6,2155.7,2024-01,4.0,-0.69,wta
3.0,Elena Rybakina,27.1,2125.7,2.0,2112.2,5.0,2003.2,6.0,1885.5,2199.5,2026-04,2.0,0.41,wta
4.0,Iga Swiatek,25.2,2111.9,4.0,2077.3,3.0,2032.1,2.0,1930.4,2291.0,2024-07,8.0,-0.69,wta
5.0,Jessica Pegula,32.4,2103.9,5.0,2063.9,8.0,1945.0,4.0,1920.1,2116.1,2026-04,3.0,0.51,wta
6.0,Marta Kostyuk,24.1,2068.6,7.0,1982.9,6.0,1998.1,11.0,1828.1,2079.2,2026-08,11.0,-0.61,wta
7.0,Elina Svitolina,31.9,2058.4,6.0,1996.1,7.0,1988.8,9.0,1836.7,2120.6,2018-05,9.0,-0.25,wta
8.0,Mirra Andreeva,19.2,2035.2,8.0,1962.2,4.0,2015.0,17.0,1787.2,2159.2,2025-03,5.0,0.47,wta
9.0,Linda Noskova,21.7,2026.8,11.0,1930.0,15.0,1837.3,3.0,1929.4,2054.3,2026-06,6.0,0.41,wta
10.0,Naomi Osaka,28.7,2012.2,10.0,1943.4,9.0,1898.5,10.0,1835.1,2193.3,2021-03,13.0,-0.26,wta
11.0,Belinda Bencic,29.4,1996.3,9.0,1955.3,14.0,1852.1,13.0,1807.6,2100.0,2015-09,12.0,-0.09,wta
12.0,Alexandra Eala,21.2,1975.7,13.0,1915.9,58.0,1717.4,7.0,1846.1,1997.1,2026-08,18.0,-0.41,wta
13.0,Madison Keys,31.4,1974.8,15.0,1910.0,10.0,1887.7,8.0,1841.2,2090.1,2016-08,23.0,-0.57,wta
14.0,Karolina Muchova,29.8,1969.4,12.0,1925.7,25.0,1784.1,14.0,1796.8,2103.5,2026-06,7.0,0.69,wta
15.0,Sorana Cirstea,36.3,1951.7,16.0,1908.6,13.0,1853.3,38.0,1700.5,1972.4,2026-05,17.0,-0.13,wta
16.0,Amanda Anisimova,24.9,1950.5,14.0,1913.2,32.0,1769.8,16.0,1788.6,2086.9,2025-11,10.0,0.47,wta
17.0,Diana Shnaider,22.3,1939.7,18.0,1892.0,11.0,1865.2,32.0,1723.8,1976.1,2024-08,16.0,0.06,wta
18.0,Anna Kalinskaya,27.6,1912.1,20.0,1867.2,17.0,1806.9,27.0,1736.5,1948.6,2024-04,22.0,-0.2,wta
19.0,Iva Jovic,18.6,1907.1,23.0,1835.8,23.0,1793.5,12.0,1814.5,1951.1,2026-02,14.0,0.31,wta
20.0,Elise Mertens,30.7,1904.5,21.0,1841.7,16.0,1816.2,18.0,1780.8,2042.7,2021-04,24.0,-0.18,wta
21.0,Victoria Mboko,19.7,1895.9,17.0,1896.3,39.0,1746.1,58.0,1651.6,2093.8,2026-03,15.0,0.34,wta
22.0,Barbora Krejcikova,30.6,1890.0,22.0,1836.8,53.0,1726.2,15.0,1789.2,2054.4,2021-08,28.0,-0.24,wta
23.0,Marie Bouzkova,28.0,1879.5,29.0,1810.0,18.0,1803.2,19.0,1766.3,1958.3,2022-10,26.0,-0.12,wta
24.0,Sara Bejlek,20.5,1878.0,19.0,1871.4,27.0,1775.0,113.0,1566.6,1884.4,2026-08,29.0,-0.19,wta
25.0,Sonay Kartal,24.3,1874.0,24.0,1832.6,122.0,1602.3,30.0,1731.6,1879.9,2026-03,123.0,-1.59,wta
26.0,Anastasia Potapova,25.3,1867.3,41.0,1778.5,12.0,1863.0,52.0,1655.8,1944.4,2026-05,25.0,0.04,wta
27.0,Karolina Pliskova,34.3,1862.9,31.0,1800.6,19.0,1802.6,23.0,1753.5,2089.1,2020-01,56.0,-0.73,wta
28.0,Emma Navarro,25.2,1856.9,50.0,1760.2,24.0,1789.6,22.0,1760.3,2002.7,2024-08,27.0,0.04,wta
29.0,Ekaterina Alexandrova,31.7,1856.0,27.0,1814.0,41.0,1742.5,24.0,1746.5,1977.2,2020-02,19.0,0.42,wta
30.0,Caty Mcnally,24.7,1845.1,47.0,1765.5,36.0,1760.6,31.0,1724.6,1855.6,2026-08,64.0,-0.76,wta
31.0,Taylor Townsend,30.3,1844.7,26.0,1817.5,43.0,1740.7,71.0,1625.2,1850.4,2026-05,95.0,-1.12,wta
32.0,Hailey Baptiste,24.5,1843.9,39.0,1780.5,30.0,1770.5,69.0,1631.6,1860.4,2026-05,34.0,-0.06,wta
33.0,Maria Sakkari,31.0,1843.8,25.0,1822.2,31.0,1770.1,49.0,1666.2,2067.5,2022-03,33.0,0.0,wta
34.0,Liudmila Samsonova,27.7,1841.2,34.0,1792.4,38.0,1751.1,28.0,1734.5,1984.3,2023-10,45.0,-0.28,wta
35.0,Jelena Ostapenko,29.1,1837.5,44.0,1772.5,21.0,1799.5,20.0,1761.5,2029.5,2017-10,31.0,0.12,wta
36.0,Emma Raducanu,23.5,1834.0,43.0,1772.9,51.0,1726.8,25.0,1742.6,1998.0,2021-08,68.0,-0.64,wta
37.0,Katerina Siniakova,30.2,1833.4,35.0,1792.1,59.0,1715.8,34.0,1719.0,1950.5,2017-01,39.0,-0.05,wta
38.0,Alina Korneeva,19.1,1832.1,28.0,1810.3,87.0,1671.4,66.0,1635.6,1832.1,2026-08,67.0,-0.57,wta
39.0,Qinwen Zheng,23.8,1829.0,30.0,1807.6,20.0,1799.8,82.0,1603.0,2098.3,2024-11,121.0,-1.13,wta
40.0,Elena Gabriela Ruse,28.7,1826.7,58.0,1748.7,54.0,1724.6,26.0,1737.6,1855.8,2026-06,63.0,-0.45,wta
41.0,Paula Badosa,28.6,1825.0,46.0,1770.4,29.0,1772.1,50.0,1662.3,2078.1,2022-01,83.0,-0.71,wta
42.0,Jaqueline Cristian,28.0,1824.5,32.0,1798.4,42.0,1741.4,143.0,1521.6,1855.2,2026-05,43.0,-0.02,wta
43.0,Jasmine Paolini,30.4,1823.6,40.0,1779.2,35.0,1762.9,40.0,1692.8,2058.1,2025-10,20.0,0.77,wta
44.0,Kristina Liutova,16.4,1823.5,37.0,1783.4,77.0,1686.2,96.0,1586.7,1823.5,2026-07,125.0,-1.04,wta
45.0,Olga Danilovic,25.0,1819.1,61.0,1739.8,22.0,1796.1,63.0,1639.9,1883.7,2025-05,310.0,-1.93,wta
46.0,Ashlyn Krueger,22.2,1818.6,68.0,1730.3,73.0,1691.8,21.0,1761.3,1896.7,2025-02,62.0,-0.3,wta
47.0,Daria Snigur,24.3,1817.6,42.0,1773.9,100.0,1642.6,42.0,1681.0,1831.3,2026-07,44.0,0.07,wta
48.0,Nikola Bartunkova,20.4,1815.9,54.0,1752.4,67.0,1699.9,35.0,1707.9,1827.8,2026-08,38.0,0.23,wta
49.0,Tereza Valentova,19.4,1810.6,36.0,1787.4,37.0,1759.5,68.0,1632.6,1939.6,2026-02,57.0,-0.15,wta
50.0,Varvara Gracheva,25.6,1809.9,49.0,1763.2,64.0,1701.4,61.0,1641.3,1840.6,2026-02,148.0,-1.09,wta
51.0,Leylah Fernandez,23.9,1802.7,38.0,1783.2,66.0,1700.6,62.0,1640.3,1977.3,2022-03,32.0,0.47,wta
52.0,Maja Chwalinska,24.8,1797.6,73.0,1718.0,26.0,1783.0,111.0,1569.4,1833.2,2026-05,21.0,0.91,wta
53.0,Lilli Tagger,18.4,1793.2,33.0,1796.0,97.0,1646.5,142.0,1528.4,1845.8,2026-04,48.0,0.1,wta
54.0,Daria Kasatkina,29.2,1792.4,55.0,1751.1,33.0,1768.1,46.0,1668.0,2036.5,2018-03,59.0,-0.09,wta
55.0,Katie Boulter,30.0,1790.4,52.0,1755.7,85.0,1675.1,39.0,1696.2,1894.3,2024-03,60.0,-0.09,wta
56.0,Magda Linette,34.4,1790.2,62.0,1737.4,40.0,1744.7,64.0,1639.0,1866.6,2023-02,78.0,-0.33,wta
57.0,Anhelina Kalinina,29.5,1786.4,76.0,1714.9,28.0,1772.8,72.0,1622.9,1890.8,2022-06,49.0,0.15,wta
58.0,Mayar Sherif,30.2,1785.7,170.0,1555.1,34.0,1767.8,138.0,1534.0,1863.6,2023-06,51.0,0.13,wta
59.0,Ann Li,26.1,1785.0,65.0,1733.6,48.0,1732.4,106.0,1576.6,1894.4,2021-03,30.0,0.68,wta
60.0,Camila Osorio,24.6,1784.9,53.0,1754.4,56.0,1719.6,79.0,1610.6,1852.0,2023-06,58.0,0.03,wta
61.0,Clara Tauson,23.6,1783.7,51.0,1755.7,80.0,1683.7,73.0,1621.5,1949.0,2025-07,42.0,0.37,wta
62.0,Xiyu Wang,25.3,1780.4,63.0,1736.8,47.0,1734.5,97.0,1586.5,1803.0,2024-02,82.0,-0.28,wta
63.0,Elisabetta Cocciaretto,25.5,1779.0,57.0,1749.4,68.0,1699.6,54.0,1654.1,1858.1,2026-04,66.0,-0.05,wta
64.0,Donna Vekic,30.1,1778.2,78.0,1710.7,45.0,1739.2,36.0,1704.2,1947.0,2019-08,36.0,0.58,wta
65.0,Mccartney Kessler,27.0,1777.9,59.0,1744.0,92.0,1658.3,45.0,1674.0,1933.3,2025-03,65.0,0.0,wta
66.0,Zeynep Sonmez,24.2,1777.5,74.0,1717.0,93.0,1657.8,48.0,1667.0,1814.8,2026-06,52.0,0.24,wta
67.0,Xin Yu Wang,24.8,1777.4,67.0,1732.0,101.0,1642.0,37.0,1701.0,1853.9,2025-08,41.0,0.49,wta
68.0,Katie Volynets,24.6,1775.4,69.0,1725.1,60.0,1709.9,44.0,1677.6,1828.5,2024-06,91.0,-0.29,wta
69.0,Anastasia Pavlyuchenkova,34.8,1774.6,60.0,1741.6,72.0,1692.1,43.0,1678.7,2058.1,2011-05,444.0,-1.86,wta
70.0,Yulia Putintseva,31.5,1773.3,66.0,1732.0,50.0,1727.6,77.0,1618.5,1933.4,2025-01,80.0,-0.13,wta
71.0,Viktorija Golubic,33.8,1772.6,71.0,1723.4,88.0,1666.0,47.0,1667.1,1836.2,2021-07,55.0,0.26,wta
72.0,Dayana Yastremska,26.2,1770.9,77.0,1713.2,55.0,1720.5,56.0,1654.0,1978.4,2019-02,112.0,-0.44,wta
73.0,Peyton Stearns,24.8,1766.4,70.0,1723.6,46.0,1737.1,140.0,1533.1,1925.1,2025-05,54.0,0.3,wta
74.0,Laura Siegemund,38.3,1762.3,79.0,1710.2,75.0,1688.5,74.0,1620.8,1917.6,2016-08,102.0,-0.32,wta
75.0,Sinja Kraus,24.2,1759.1,98.0,1663.7,52.0,1726.5,114.0,1565.2,1776.1,2026-08,86.0,-0.14,wta
76.0,Mananchaya Sawangkaew,24.0,1758.3,82.0,1704.2,142.0,1582.0,41.0,1687.5,1786.7,2026-07,97.0,-0.24,wta
77.0,Magdalena Frech,28.6,1757.2,64.0,1734.1,89.0,1663.7,115.0,1563.9,1846.4,2024-10,37.0,0.73,wta
78.0,Robin Montgomery,21.9,1756.4,102.0,1659.2,115.0,1614.4,29.0,1732.6,1779.9,2024-07,187.0,-0.87,wta
79.0,Lanlana Tararudee,22.0,1755.8,56.0,1751.1,150.0,1566.3,104.0,1578.0,1788.7,2026-03,72.0,0.09,wta
80.0,Talia Gibson,22.1,1755.4,45.0,1771.6,152.0,1564.3,102.0,1579.7,1862.6,2026-03,61.0,0.27,wta
81.0,Oleksandra Oliynykova,25.6,1753.4,152.0,1586.6,49.0,1729.3,155.0,1502.2,1825.0,2026-05,46.0,0.57,wta
82.0,Diane Parry,23.9,1752.1,94.0,1666.9,74.0,1689.5,53.0,1655.7,1763.9,2024-03,50.0,0.49,wta
83.0,Hanne Vandewinkel,22.2,1744.7,48.0,1763.5,139.0,1585.9,130.0,1542.3,1801.0,2026-04,77.0,0.08,wta
84.0,Lois Boisson,23.2,1743.0,135.0,1613.8,65.0,1701.2,157.0,1501.2,1855.3,2025-07,236.0,-1.03,wta
85.0,Anastasia Zakharova,24.5,1742.8,72.0,1723.2,132.0,1595.5,75.0,1620.3,1777.1,2026-08,101.0,-0.17,wta
86.0,Anna Bondar,29.2,1738.9,105.0,1654.5,44.0,1740.5,168.0,1489.5,1786.6,2022-05,70.0,0.21,wta
87.0,Eva Lys,24.5,1737.9,80.0,1707.5,94.0,1655.4,108.0,1574.4,1896.2,2025-10,98.0,-0.12,wta
88.0,Jessica Bouzas Maneiro,23.8,1736.7,95.0,1664.8,78.0,1684.9,55.0,1654.1,1857.3,2025-08,105.0,-0.18,wta
89.0,Kaitlin Quevedo,20.4,1736.2,112.0,1644.2,62.0,1708.1,128.0,1542.9,1779.4,2026-06,107.0,-0.18,wta
90.0,Tatjana Maria,39.0,1734.6,123.0,1631.7,123.0,1601.4,33.0,1723.6,1804.5,2009-08,79.0,0.13,wta
91.0,Shuai Zhang,37.5,1730.5,83.0,1702.6,121.0,1604.0,70.0,1627.8,1873.3,2018-01,53.0,0.54,wta
92.0,Ajla Tomljanovic,33.1,1729.9,75.0,1715.1,111.0,1622.1,51.0,1658.1,1907.7,2022-08,103.0,-0.11,wta
93.0,Solana Sierra,22.1,1724.1,146.0,1598.7,57.0,1718.8,88.0,1597.9,1796.8,2026-06,87.0,0.07,wta
94.0,Anastasija Sevastova,35.7,1718.5,96.0,1664.3,70.0,1695.0,76.0,1619.5,1998.3,2018-10,589.0,-1.84,wta
95.0,Kamilla Rakhimova,24.9,1715.0,85.0,1689.7,112.0,1620.3,86.0,1599.8,1753.6,2025-08,88.0,0.08,wta
96.0,Kimberly Birrell,28.2,1714.9,81.0,1704.4,189.0,1516.8,107.0,1575.9,1829.9,2026-03,69.0,0.33,wta
97.0,Antonia Ruzic,23.5,1713.2,86.0,1683.2,119.0,1608.0,91.0,1594.9,1797.5,2026-03,81.0,0.18,wta
98.0,Alina Charaeva,24.2,1710.6,131.0,1618.0,83.0,1675.7,95.0,1588.3,1733.7,2026-05,108.0,-0.1,wta
99.0,Sloane Stephens,33.3,1707.2,106.0,1653.9,81.0,1676.7,84.0,1601.4,2028.2,2017-08,208.0,-0.74,wta
100.0,Francesca Jones,25.8,1706.9,127.0,1625.0,63.0,1706.3,185.0,1477.1,1798.6,2025-09,104.0,-0.04,wta
101.0,Marina Stakusic,21.3,1706.7,92.0,1672.1,155.0,1558.8,92.0,1592.9,1794.3,2024-02,140.0,-0.33,wta
102.0,Claire Liu,26.2,1706.1,107.0,1650.4,105.0,1636.4,83.0,1602.4,1814.6,2022-05,111.0,-0.08,wta
103.0,Sofia Kenin,27.7,1705.8,97.0,1664.2,91.0,1661.0,101.0,1579.9,2057.0,2020-02,110.0,-0.07,wta
104.0,Maria Timofeeva,22.7,1705.5,137.0,1610.5,71.0,1692.8,122.0,1551.4,1731.9,2026-07,92.0,0.12,wta
105.0,Rebeka Masarova,26.9,1705.3,121.0,1633.2,82.0,1675.8,59.0,1643.6,1817.5,2023-04,180.0,-0.54,wta
106.0,Aliaksandra Sasnovich,32.3,1705.0,93.0,1672.0,99.0,1644.1,87.0,1599.4,1944.3,2019-01,136.0,-0.25,wta
107.0,Bianca Andreescu,26.1,1702.7,91.0,1674.4,110.0,1623.7,78.0,1614.5,2157.5,2019-09,183.0,-0.54,wta
108.0,Tamara Korpatsch,31.2,1701.3,129.0,1619.4,69.0,1695.4,214.0,1453.2,1717.5,2022-10,47.0,0.83,wta
109.0,Elina Avanesyan,23.8,1701.2,113.0,1643.4,86.0,1675.1,93.0,1591.5,1835.3,2024-08,159.0,-0.38,wta
110.0,Petra Marcinko,20.6,1700.9,139.0,1607.7,84.0,1675.3,119.0,1558.2,1759.7,2026-01,73.0,0.41,wta
111.0,Polina Kudermetova,23.1,1699.6,110.0,1649.1,107.0,1635.5,80.0,1608.8,1770.3,2024-12,96.0,0.15,wta
112.0,Tyra Caterina Grant,18.3,1699.1,166.0,1557.9,103.0,1640.7,65.0,1637.4,1733.9,2026-06,149.0,-0.29,wta
113.0,Cristina Bucsa,28.6,1698.2,89.0,1676.1,164.0,1550.8,99.0,1581.8,1794.9,2026-03,40.0,1.04,wta
114.0,Yuliia Starodubtseva,26.4,1697.3,132.0,1616.7,76.0,1688.3,123.0,1549.9,1834.9,2024-10,74.0,0.43,wta
115.0,Anna Blinkova,27.9,1697.0,104.0,1659.0,120.0,1605.0,90.0,1597.8,1830.2,2019-10,94.0,0.2,wta
116.0,Kaja Juvan,25.5,1696.2,119.0,1637.2,79.0,1684.7,60.0,1641.5,1825.6,2022-05,168.0,-0.37,wta
117.0,Vera Zvonareva,41.8,1695.4,99.0,1662.7,114.0,1615.1,67.0,1633.4,2185.6,2009-03,287.0,-0.9,wta
118.0,Greet Minnen,28.9,1694.6,117.0,1637.8,133.0,1594.1,57.0,1652.4,1795.8,2020-02,176.0,-0.4,wta
119.0,Darja Vidmanova,23.5,1694.3,88.0,1676.9,176.0,1538.9,100.0,1580.0,1724.2,2026-07,90.0,0.28,wta
120.0,Janice Tjen,24.2,1692.8,84.0,1695.8,144.0,1577.7,117.0,1562.5,1897.7,2025-10,35.0,1.23,wta
121.0,Jil Teichmann,28.9,1689.1,122.0,1632.1,95.0,1653.9,176.0,1482.6,1922.9,2022-05,175.0,-0.37,wta
122.0,Panna Udvardy,27.8,1688.8,150.0,1589.2,98.0,1644.8,120.0,1557.6,1704.6,2023-01,76.0,0.47,wta
123.0,Maya Joint,20.3,1686.5,101.0,1662.1,109.0,1625.1,94.0,1588.6,1889.3,2025-09,75.0,0.49,wta
124.0,Laura Samson,18.3,1686.3,193.0,1527.4,61.0,1709.1,158.0,1500.8,1717.2,2026-06,116.0,0.07,wta
125.0,Renata Zarazua,28.8,1685.7,100.0,1662.2,129.0,1597.3,129.0,1542.5,1763.5,2026-01,71.0,0.57,wta
126.0,Carol Young Suh Lee,24.6,1682.9,87.0,1680.5,148.0,1568.6,149.0,1517.6,1709.1,2025-06,143.0,-0.13,wta
127.0,Simona Waltert,25.6,1682.0,128.0,1619.7,90.0,1661.3,210.0,1457.1,1744.4,2025-10,85.0,0.4,wta
128.0,Leolia Jeanjean,30.9,1681.4,144.0,1599.4,96.0,1647.4,98.0,1582.9,1713.3,2026-07,127.0,0.01,wta
129.0,Jeline Vandromme,18.6,1678.8,90.0,1674.8,124.0,1601.0,135.0,1535.8,1787.2,2026-04,139.0,-0.07,wta
130.0,Storm Hunter,31.9,1672.1,103.0,1659.2,171.0,1543.1,112.0,1569.3,1792.2,2024-03,169.0,-0.26,wta
131.0,Tatiana Prozorova,22.8,1668.7,109.0,1650.2,147.0,1569.6,136.0,1535.8,1730.1,2025-02,163.0,-0.22,wta
132.0,Mary Stoiana,23.2,1666.9,149.0,1593.8,173.0,1540.8,89.0,1597.9,1683.3,2026-07,122.0,0.08,wta
133.0,Caroline Dolehide,27.9,1666.7,118.0,1637.4,113.0,1615.8,188.0,1475.4,1757.6,2025-07,245.0,-0.61,wta
134.0,Lin Zhu,32.5,1666.3,115.0,1640.2,249.0,1451.2,124.0,1548.0,1808.9,2023-09,173.0,-0.26,wta
135.0,Vendula Valdmannova,18.6,1662.0,111.0,1649.0,289.0,1398.7,137.0,1534.3,1684.8,2026-08,165.0,-0.2,wta
136.0,Sara Sorribes Tormo,29.7,1656.5,153.0,1586.6,104.0,1637.2,132.0,1540.3,1900.8,2021-08,202.0,-0.4,wta
137.0,Rebecca Sramkova,29.8,1653.3,120.0,1635.0,138.0,1586.7,126.0,1545.5,1821.7,2024-11,151.0,-0.1,wta
138.0,Fiona Ferro,29.3,1652.7,130.0,1619.4,118.0,1609.6,192.0,1473.6,1864.6,2021-03,141.0,-0.02,wta
139.0,Lucia Bronzetti,27.6,1651.3,163.0,1565.3,102.0,1640.8,148.0,1518.1,1777.9,2025-03,135.0,0.03,wta
140.0,Tamara Zidansek,28.5,1650.6,155.0,1578.9,106.0,1636.1,195.0,1470.5,1857.1,2019-06,146.0,-0.04,wta
141.0,Celine Naef,21.0,1650.2,114.0,1642.5,218.0,1481.4,85.0,1600.4,1713.2,2023-09,220.0,-0.44,wta
142.0,Lucrezia Stefanini,28.2,1649.1,125.0,1628.0,177.0,1536.9,116.0,1562.8,1654.9,2026-08,119.0,0.18,wta
143.0,Oksana Selekhmeteva,23.5,1645.2,116.0,1638.9,135.0,1591.9,144.0,1520.0,1787.8,2026-02,93.0,0.43,wta
144.0,Kayla Day,26.8,1640.6,140.0,1606.9,149.0,1567.9,152.0,1510.8,1756.9,2016-10,117.0,0.21,wta
145.0,Julieta Pareja,17.4,1637.8,142.0,1601.1,175.0,1539.3,165.0,1493.9,1657.6,2026-07,284.0,-0.67,wta
146.0,Emiliana Arango,25.7,1635.1,136.0,1612.0,165.0,1550.3,173.0,1484.6,1698.2,2025-02,84.0,0.55,wta
147.0,Taylah Preston,20.7,1634.8,126.0,1627.2,278.0,1414.5,172.0,1484.9,1747.0,2024-03,100.0,0.39,wta
148.0,Katarzyna Kawa,33.7,1634.6,236.0,1478.4,108.0,1632.1,133.0,1537.6,1684.0,2026-06,129.0,0.14,wta
149.0,Teodora Kostovic,19.0,1631.0,175.0,1549.7,127.0,1599.1,109.0,1572.9,1685.9,2025-10,171.0,-0.14,wta
150.0,Moyuka Uchijima,25.0,1630.9,138.0,1609.5,131.0,1596.6,230.0,1436.6,1822.8,2025-04,99.0,0.42,wta
151.0,Martyna Kubka,25.2,1630.0,147.0,1598.4,203.0,1495.6,105.0,1577.4,1655.3,2026-08,182.0,-0.19,wta
152.0,Alycia Parks,25.6,1629.3,133.0,1616.7,158.0,1556.9,182.0,1478.0,1824.7,2023-01,89.0,0.54,wta
153.0,Lulu Sun,25.2,1629.0,108.0,1650.3,223.0,1479.2,145.0,1519.9,1831.6,2024-08,128.0,0.18,wta
154.0,Clara Burel,25.3,1625.7,124.0,1629.9,140.0,1583.7,174.0,1484.4,1845.7,2024-01,410.0,-0.98,wta
155.0,Dalma Galfi,27.9,1624.6,161.0,1567.4,116.0,1613.1,125.0,1546.8,1748.0,2025-10,157.0,-0.01,wta
156.0,Rada Zolotareva,17.8,1624.4,254.0,1463.0,117.0,1610.2,211.0,1456.7,1624.4,2026-08,285.0,-0.6,wta
157.0,Maddison Inglis,28.5,1620.6,148.0,1597.1,246.0,1452.4,171.0,1487.0,1649.6,2026-01,134.0,0.16,wta
158.0,Marina Bassols Ribera,26.6,1618.9,214.0,1506.9,125.0,1600.9,139.0,1533.3,1675.3,2024-01,133.0,0.17,wta
159.0,Julia Riera,24.1,1617.1,204.0,1515.4,126.0,1600.2,186.0,1476.9,1731.2,2024-05,147.0,0.08,wta
160.0,Hanyu Guo,28.1,1614.6,151.0,1586.8,166.0,1549.6,197.0,1467.8,1647.8,2026-03,210.0,-0.27,wta
161.0,Jana Kovackova,16.1,1614.2,235.0,1478.9,146.0,1575.2,177.0,1482.1,1614.2,2026-08,434.0,-0.99,wta
162.0,Mia Ristic,20.2,1611.8,284.0,1419.9,134.0,1594.1,179.0,1480.9,1662.1,2023-11,195.0,-0.19,wta
163.0,Harriet Dart,30.0,1611.5,145.0,1598.9,245.0,1452.8,150.0,1515.6,1727.2,2022-06,131.0,0.22,wta
164.0,Emerson Jones,18.0,1611.1,141.0,1604.7,273.0,1419.7,170.0,1488.8,1760.8,2026-03,126.0,0.26,wta
165.0,Viktoriya Tomova,31.3,1610.3,157.0,1575.2,151.0,1565.5,154.0,1506.0,1752.1,2024-06,315.0,-0.65,wta
166.0,Nadia Podoroska,29.5,1609.8,143.0,1600.4,169.0,1546.8,198.0,1467.0,1866.8,2021-01,447.0,-0.99,wta
167.0,Suzan Lamens,26.9,1609.2,162.0,1566.0,163.0,1551.6,156.0,1501.6,1795.2,2025-04,164.0,0.02,wta
168.0,Beatriz Haddad Maia,30.0,1606.9,156.0,1575.7,130.0,1596.6,118.0,1558.3,1945.0,2022-08,154.0,0.09,wta
169.0,Harmony Tan,28.8,1606.9,160.0,1568.9,243.0,1453.8,103.0,1579.7,1709.7,2022-08,215.0,-0.24,wta
170.0,Anastasiya Soboleva,22.2,1606.5,273.0,1432.7,128.0,1598.0,228.0,1439.4,1652.8,2026-07,194.0,-0.13,wta
171.0,Dominika Salkova,22.1,1605.0,134.0,1615.8,172.0,1541.3,235.0,1432.1,1685.2,2025-07,118.0,0.37,wta
172.0,Leyre Romero Gormaz,24.3,1601.6,202.0,1519.0,145.0,1576.9,226.0,1440.1,1656.1,2024-06,145.0,0.17,wta
173.0,Andrea Lazaro Garcia,31.7,1601.3,203.0,1516.7,141.0,1582.8,221.0,1448.6,1657.0,2026-03,142.0,0.2,wta
174.0,Veronika Erjavec,26.6,1595.6,223.0,1496.5,136.0,1588.2,161.0,1499.0,1722.2,2025-09,106.0,0.5,wta
175.0,Carson Branstine,25.3,1593.6,209.0,1511.9,154.0,1559.2,110.0,1571.3,1675.2,2025-09,565.0,-1.17,wta
176.0,Julia Grabher,30.1,1593.4,240.0,1471.5,143.0,1578.8,320.0,1381.4,1695.8,2026-01,114.0,0.43,wta
177.0,Heather Watson,34.1,1592.8,165.0,1560.3,247.0,1451.6,146.0,1518.6,1912.2,2014-06,445.0,-0.92,wta
178.0,Elena Pridankina,20.8,1591.5,205.0,1515.0,137.0,1587.0,208.0,1457.6,1658.2,2025-04,186.0,-0.04,wta
179.0,Yue Yuan,27.8,1590.9,158.0,1574.7,181.0,1526.8,204.0,1460.4,1869.7,2024-04,138.0,0.26,wta
180.0,Tereza Martincova,31.6,1589.3,159.0,1572.9,225.0,1476.2,127.0,1545.2,1811.8,2022-03,318.0,-0.57,wta
181.0,Fiona Crawley,24.4,1589.0,176.0,1548.7,306.0,1380.8,167.0,1492.3,1645.0,2026-07,264.0,-0.38,wta
182.0,Rebecca Marino,35.6,1587.9,173.0,1552.0,231.0,1474.5,121.0,1551.8,1833.6,2010-11,417.0,-0.83,wta
183.0,Polina Iatcenko,22.6,1586.1,187.0,1533.7,304.0,1383.3,81.0,1607.6,1750.9,2025-10,160.0,0.13,wta
184.0,Francesca Curmi,24.0,1583.6,237.0,1475.7,156.0,1558.3,199.0,1466.8,1625.8,2026-07,237.0,-0.25,wta
185.0,Susan Bandecchi,28.0,1583.1,195.0,1526.7,174.0,1540.0,212.0,1456.4,1635.6,2026-06,152.0,0.2,wta
186.0,Elizara Yaneva,19.3,1582.9,154.0,1586.3,195.0,1509.0,189.0,1475.2,1661.3,2026-02,166.0,0.11,wta
187.0,Elvina Kalieva,23.0,1580.6,180.0,1544.1,199.0,1501.6,215.0,1452.7,1616.7,2026-04,115.0,0.49,wta
188.0,Jana Fett,29.0,1579.7,198.0,1522.8,159.0,1556.2,163.0,1496.4,1755.5,2017-10,619.0,-1.19,wta
189.0,Alevtina Ibragimova,21.5,1579.4,216.0,1504.1,161.0,1554.1,202.0,1464.7,1604.2,2026-07,218.0,-0.14,wta
190.0,Noma Noha Akugue,22.6,1579.3,167.0,1557.9,183.0,1526.7,242.0,1424.0,1668.1,2023-08,137.0,0.33,wta
191.0,Katie Swan,27.2,1575.9,233.0,1488.1,269.0,1423.6,147.0,1518.4,1661.3,2022-10,206.0,-0.08,wta
192.0,Anastasia Gasanova,27.1,1574.7,194.0,1526.8,232.0,1474.5,131.0,1542.3,1644.4,2022-01,192.0,0.0,wta
193.0,Iryna Shymanovich,29.0,1574.4,224.0,1496.2,186.0,1518.2,141.0,1533.0,1649.2,2023-08,191.0,0.01,wta
194.0,Zhuoxuan Bai,23.6,1573.6,174.0,1551.5,259.0,1439.1,134.0,1536.3,1740.2,2024-01,249.0,-0.25,wta
195.0,Lisa Pigato,23.0,1573.6,181.0,1542.3,160.0,1555.6,181.0,1479.3,1723.0,2026-04,130.0,0.41,wta
196.0,Jessika Ponchet,29.7,1572.0,215.0,1504.3,153.0,1560.8,200.0,1465.9,1622.0,2024-06,267.0,-0.31,wta
197.0,Ekaterine Gorgodze,34.6,1571.3,211.0,1511.0,180.0,1531.9,190.0,1475.2,1609.9,2021-08,161.0,0.2,wta
198.0,Himeno Sakatsume,25.0,1569.8,169.0,1556.0,227.0,1475.9,227.0,1439.6,1709.1,2026-03,144.0,0.32,wta
199.0,Polona Hercog,35.5,1569.8,207.0,1514.2,162.0,1551.9,159.0,1500.5,1894.8,2011-07,233.0,-0.16,wta
200.0,Guiomar Maristany Zuleta De Reales,27.4,1569.7,226.0,1493.7,168.0,1547.0,248.0,1421.2,1625.0,2026-05,209.0,-0.04,wta
201.0,Ella Seidel,21.4,1569.6,168.0,1557.0,198.0,1503.4,184.0,1477.8,1809.9,2025-10,124.0,0.48,wta
202.0,Darja Semenistaja,23.8,1569.6,196.0,1526.0,167.0,1547.1,164.0,1496.1,1736.4,2025-10,109.0,0.62,wta
203.0,Olivia Gadecki,24.0,1568.8,183.0,1539.3,206.0,1489.7,194.0,1470.9,1767.5,2024-10,258.0,-0.24,wta
204.0,Mai Hontama,26.9,1568.8,190.0,1533.1,207.0,1489.7,218.0,1450.7,1687.6,2024-03,167.0,0.2,wta
205.0,Alisa Oktiabreva,17.9,1568.4,278.0,1426.4,157.0,1558.3,206.0,1459.2,1636.4,2026-04,515.0,-0.92,wta
206.0,Linda Fruhvirtova,21.2,1567.0,172.0,1552.3,205.0,1492.6,180.0,1480.2,1764.1,2023-03,174.0,0.17,wta
207.0,Mia Pohankova,17.7,1563.6,164.0,1564.9,242.0,1455.0,203.0,1460.9,1739.1,2026-02,246.0,-0.17,wta
208.0,Elsa Jacquemot,23.2,1563.6,178.0,1545.1,194.0,1509.7,169.0,1489.3,1766.8,2025-09,113.0,0.61,wta
209.0,Varvara Lepchenko,40.2,1562.5,177.0,1548.0,185.0,1522.6,222.0,1446.9,1891.7,2015-01,181.0,0.14,wta
210.0,Gabriela Andrea Knutson,29.2,1560.3,188.0,1533.3,294.0,1394.6,153.0,1508.4,1597.5,2024-07,184.0,0.13,wta
211.0,Veronika Podrez,19.5,1557.0,212.0,1510.6,211.0,1486.4,247.0,1421.4,1692.4,2026-05,132.0,0.47,wta
212.0,Anna Siskova,25.1,1555.7,192.0,1529.9,182.0,1526.8,347.0,1366.8,1581.5,2026-05,207.0,0.02,wta
213.0,Nao Hibino,31.6,1553.4,201.0,1519.9,215.0,1483.6,191.0,1474.0,1751.2,2015-09,227.0,-0.06,wta
214.0,Mariam Bolkvadze,28.5,1551.1,218.0,1502.1,356.0,1335.9,162.0,1497.0,1622.4,2021-09,418.0,-0.67,wta
215.0,Joanna Garland,24.9,1550.9,171.0,1553.0,239.0,1461.8,187.0,1476.4,1703.0,2026-01,201.0,0.07,wta
216.0,Akasha Urhobo,19.5,1550.4,279.0,1426.0,179.0,1535.1,225.0,1440.7,1617.8,2026-04,177.0,0.2,wta
217.0,Victoria Jimenez Kasintseva,21.0,1549.7,182.0,1539.5,193.0,1511.9,236.0,1432.0,1709.5,2025-09,120.0,0.59,wta
218.0,Mona Barthel,36.0,1549.7,184.0,1537.8,204.0,1495.0,307.0,1385.7,2000.1,2012-05,204.0,0.07,wta
219.0,En Shuo Liang,25.8,1547.3,179.0,1544.7,342.0,1357.6,166.0,1493.7,1621.7,2019-05,303.0,-0.32,wta
220.0,Jennifer Ruggeri,22.9,1547.3,318.0,1388.7,184.0,1525.5,220.0,1448.7,1600.5,2026-06,216.0,0.02,wta
221.0,Erika Andreeva,22.1,1545.1,219.0,1501.6,196.0,1504.5,232.0,1434.4,1795.0,2024-03,214.0,0.03,wta
222.0,Madison Brengle,36.3,1545.0,213.0,1508.8,170.0,1543.8,175.0,1483.1,1853.0,2016-03,211.0,0.05,wta
223.0,Oceane Dodin,29.7,1544.3,206.0,1515.0,233.0,1470.7,193.0,1472.8,1827.7,2016-11,325.0,-0.38,wta
224.0,Xinyu Gao,28.7,1543.7,186.0,1536.0,214.0,1484.3,274.0,1401.1,1629.1,2026-03,234.0,-0.04,wta
225.0,Priscilla Hon,28.2,1541.5,191.0,1532.8,244.0,1453.2,234.0,1433.2,1722.2,2025-09,156.0,0.37,wta
226.0,Savannah Broadus,23.8,1540.0,200.0,1521.0,253.0,1448.0,223.0,1445.0,1641.6,2026-06,304.0,-0.3,wta
227.0,Alice Tubello,25.4,1538.7,331.0,1378.1,178.0,1536.8,271.0,1402.4,1562.7,2026-06,221.0,0.03,wta
228.0,Noemi Basiletti,20.3,1538.6,393.0,1321.8,192.0,1514.5,224.0,1444.3,1538.6,2026-08,265.0,-0.15,wta
229.0,Carole Monnet,24.6,1536.6,258.0,1458.0,191.0,1515.9,335.0,1374.2,1581.6,2025-11,196.0,0.16,wta
230.0,Sofia Costoulas,21.3,1535.5,189.0,1533.2,213.0,1485.2,284.0,1397.9,1632.1,2026-04,155.0,0.39,wta
231.0,Laura Pigossi,31.9,1530.8,244.0,1468.0,188.0,1516.9,353.0,1362.7,1607.5,2024-06,193.0,0.18,wta
232.0,Eva Vedder,26.7,1530.7,197.0,1523.3,217.0,1483.3,217.0,1450.8,1589.6,2026-07,197.0,0.16,wta
233.0,Anouk Koevermans,22.4,1529.9,185.0,1537.1,212.0,1486.2,290.0,1395.9,1669.6,2024-08,228.0,0.02,wta
234.0,Nuria Brancaccio,26.0,1525.2,377.0,1336.6,187.0,1517.5,345.0,1367.8,1642.1,2025-10,189.0,0.21,wta
235.0,Katarina Zavatska,26.5,1524.2,288.0,1414.4,197.0,1504.0,243.0,1423.9,1720.0,2019-11,251.0,-0.07,wta
236.0,Elizabeth Mandlik,25.2,1521.2,225.0,1494.4,236.0,1463.0,160.0,1499.7,1697.6,2023-07,170.0,0.33,wta
237.0,Aliona Falei,22.3,1519.8,199.0,1521.6,280.0,1413.5,231.0,1435.6,1644.3,2024-04,222.0,0.07,wta
238.0,Ayla Aksu,30.0,1518.7,210.0,1511.3,267.0,1425.2,233.0,1434.3,1546.8,2026-06,200.0,0.17,wta
239.0,Anna Lena Friedsam,32.4,1517.5,231.0,1488.4,228.0,1475.2,265.0,1406.0,1842.9,2016-05,250.0,-0.04,wta
240.0,Yeon Woo Ku,23.3,1516.4,220.0,1501.1,341.0,1357.8,272.0,1401.7,1575.1,2026-07,179.0,0.29,wta
241.0,Lola Radivojevic,21.5,1513.4,260.0,1454.9,200.0,1499.4,216.0,1451.8,1674.4,2025-10,150.0,0.47,wta
242.0,Aoi Ito,22.2,1510.9,208.0,1513.7,387.0,1309.0,364.0,1358.8,1786.2,2024-12,369.0,-0.42,wta
243.0,Linda Klimovicova,22.1,1510.9,217.0,1503.8,262.0,1436.1,341.0,1370.7,1720.6,2026-01,199.0,0.2,wta
244.0,Tiantsoa Sarah Rakotomanga Rajaonah,20.5,1510.7,250.0,1464.8,235.0,1464.1,229.0,1438.8,1643.9,2025-09,172.0,0.35,wta
245.0,Emina Bektas,32.5,1509.5,234.0,1481.6,378.0,1314.9,201.0,1464.9,1692.4,2023-10,794.0,-1.18,wta
246.0,Aliona Bolsova,28.4,1509.5,257.0,1458.9,209.0,1487.2,262.0,1407.7,1726.6,2019-05,380.0,-0.43,wta
247.0,Luisina Giovannini,19.6,1508.0,378.0,1334.8,202.0,1495.9,263.0,1407.6,1551.8,2026-05,198.0,0.22,wta
248.0,Alexandra Shubladze,20.8,1507.8,221.0,1498.8,332.0,1362.2,297.0,1390.8,1606.7,2026-04,190.0,0.27,wta
249.0,Maria Lourdes Carle,26.4,1505.7,241.0,1470.2,219.0,1481.2,293.0,1393.1,1768.7,2024-05,219.0,0.13,wta
250.0,Francisca Jorge,26.2,1505.0,228.0,1493.6,274.0,1419.1,205.0,1460.3,1572.0,2026-06,229.0,0.09,wta
251.0,Alicia Herrero Linana,27.6,1502.6,353.0,1355.3,222.0,1479.7,239.0,1426.3,1527.4,2026-08,305.0,-0.19,wta
252.0,Hannah Klugman,17.3,1501.1,238.0,1475.2,299.0,1388.4,313.0,1383.8,1532.2,2026-07,437.0,-0.55,wta
253.0,Sachia Vickery,31.1,1500.5,243.0,1469.1,201.0,1498.3,259.0,1408.9,1736.9,2018-04,612.0,-0.88,wta
254.0,Anastasia Kulikova,26.4,1500.3,229.0,1491.1,281.0,1413.1,261.0,1408.2,1667.1,2021-07,307.0,-0.19,wta
255.0,Kayla Cross,21.3,1499.4,222.0,1497.8,293.0,1395.1,365.0,1358.5,1528.2,2026-02,162.0,0.45,wta
256.0,Lucie Havlickova,21.4,1499.4,227.0,1493.6,248.0,1451.4,257.0,1412.5,1665.1,2026-04,225.0,0.13,wta
257.0,Martina Trevisan,32.7,1499.2,249.0,1465.4,208.0,1487.3,452.0,1315.4,1803.7,2022-05,321.0,-0.22,wta
258.0,Viktoria Hruncakova,28.2,1497.6,253.0,1463.4,256.0,1441.8,237.0,1431.2,1890.8,2018-06,224.0,0.14,wta
259.0,Arantxa Rus,35.6,1497.1,230.0,1489.5,210.0,1486.9,298.0,1389.7,1774.5,2012-07,203.0,0.24,wta
260.0,Irene Burillo Escorihuela,29.0,1496.9,332.0,1377.0,221.0,1480.5,296.0,1391.0,1537.0,2024-06,232.0,0.11,wta
261.0,Alena Kovackova,18.1,1494.4,309.0,1394.6,234.0,1464.7,245.0,1422.2,1524.1,2026-08,393.0,-0.41,wta
262.0,Jazmin Ortenzi,24.6,1493.9,340.0,1366.6,226.0,1476.2,346.0,1367.1,1603.7,2026-05,158.0,0.51,wta
263.0,Caijsa Wilda Hennemann,25.3,1493.3,359.0,1350.5,238.0,1462.2,246.0,1421.6,1538.5,2026-06,242.0,0.08,wta
264.0,Darya Astakhova,24.5,1493.2,270.0,1436.7,230.0,1474.7,300.0,1389.4,1642.7,2022-09,226.0,0.16,wta
265.0,Kajsa Rinaldo Persson,28.7,1492.4,281.0,1423.8,240.0,1460.2,377.0,1354.4,1570.0,2026-06,230.0,0.14,wta
266.0,Federica Urgesi,21.5,1492.1,336.0,1373.4,224.0,1476.9,249.0,1421.0,1564.5,2026-06,275.0,-0.03,wta
267.0,Destanee Aiava,25.6,1491.8,239.0,1474.5,285.0,1403.8,312.0,1383.9,1640.5,2025-02,559.0,-0.74,wta
268.0,Sonja Zhiyenbayeva,20.0,1488.9,232.0,1488.3,338.0,1359.4,251.0,1419.4,1488.9,2026-08,384.0,-0.36,wta
269.0,Valentina Ryser,25.3,1487.2,261.0,1454.9,396.0,1301.1,151.0,1515.0,1638.5,2025-06,261.0,0.03,wta
270.0,Katrina Scott,22.1,1487.1,262.0,1454.5,220.0,1480.7,371.0,1356.7,1696.9,2022-08,244.0,0.1,wta
271.0,Mika Stojsavljevic,17.5,1481.8,294.0,1406.7,345.0,1355.9,354.0,1362.5,1560.5,2026-06,274.0,-0.01,wta
272.0,Julia Avdeeva,24.0,1480.2,252.0,1463.9,250.0,1450.9,321.0,1379.8,1654.7,2024-02,185.0,0.39,wta
273.0,Eva Guerrero Alvarez,26.7,1480.1,242.0,1469.9,290.0,1398.4,294.0,1393.0,1604.1,2026-02,290.0,-0.06,wta
274.0,Lidia Encheva,20.0,1479.0,311.0,1392.7,257.0,1441.5,256.0,1414.5,1501.7,2026-08,353.0,-0.25,wta
275.0,Arina Rodionova,36.1,1478.0,259.0,1457.7,314.0,1375.9,219.0,1450.2,1643.7,2017-07,460.0,-0.51,wta
276.0,Nastasja Schunk,23.0,1477.0,316.0,1389.6,241.0,1459.8,196.0,1469.2,1675.1,2022-05,365.0,-0.28,wta
277.0,Barbora Palicova,22.3,1476.9,325.0,1384.6,229.0,1475.1,253.0,1417.2,1672.5,2022-11,239.0,0.15,wta
278.0,Louisa Chirico,29.8,1475.7,289.0,1410.8,190.0,1515.9,331.0,1376.6,1812.7,2016-10,527.0,-0.64,wta
279.0,Hayu Kinoshita,19.7,1475.3,251.0,1464.2,400.0,1300.2,273.0,1401.3,1635.3,2026-05,223.0,0.22,wta
280.0,Jule Niemeier,26.9,1475.2,263.0,1451.5,237.0,1463.0,209.0,1457.6,1867.6,2022-06,405.0,-0.37,wta
281.0,Katherine Sebov,27.5,1473.2,264.0,1451.1,310.0,1377.7,238.0,1427.4,1701.7,2023-04,213.0,0.28,wta
282.0,Tara Wurth,23.6,1473.0,326.0,1381.8,254.0,1446.0,258.0,1411.5,1681.6,2022-07,449.0,-0.47,wta
283.0,Ye Xin Ma,27.1,1469.9,256.0,1461.1,463.0,1253.3,339.0,1370.9,1605.5,2026-03,178.0,0.46,wta
284.0,Alicia Dudeney,23.1,1467.3,247.0,1467.1,346.0,1348.7,368.0,1357.6,1543.3,2026-07,235.0,0.19,wta
285.0,Lisa Zaar,26.2,1466.8,347.0,1363.9,264.0,1431.3,260.0,1408.4,1564.3,2026-05,300.0,-0.05,wta
286.0,Han Shi,21.1,1465.7,245.0,1467.7,372.0,1322.2,279.0,1398.9,1657.2,2024-08,262.0,0.09,wta
287.0,Fangran Tian,22.8,1464.8,266.0,1445.2,348.0,1347.4,264.0,1407.4,1605.5,2026-03,256.0,0.11,wta
288.0,Ayana Akli,25.0,1462.5,246.0,1467.4,333.0,1362.2,326.0,1377.8,1559.9,2025-08,263.0,0.09,wta
289.0,Silvia Ambrosio,28.9,1460.8,350.0,1359.5,252.0,1448.2,266.0,1405.4,1533.3,2023-06,409.0,-0.35,wta
290.0,Yelyzaveta Kotliar,19.5,1459.2,365.0,1344.6,258.0,1439.9,267.0,1404.6,1483.3,2026-08,356.0,-0.21,wta
291.0,Lina Gjorcheska,32.0,1458.7,285.0,1419.2,284.0,1407.4,178.0,1481.7,1636.7,2017-04,253.0,0.14,wta
292.0,Ida Wobker,15.9,1456.0,267.0,1443.6,251.0,1448.6,183.0,1478.0,1497.0,2026-08,551.0,-0.63,wta
293.0,Arianne Hartono,29.6,1452.8,272.0,1435.5,316.0,1375.4,351.0,1364.6,1610.6,2024-02,538.0,-0.61,wta
294.0,Whitney Osuigwe,24.2,1451.3,286.0,1418.0,266.0,1426.9,463.0,1311.4,1799.0,2019-05,231.0,0.24,wta
295.0,Camilla Rosatello,30.8,1450.8,335.0,1373.4,216.0,1483.5,395.0,1342.6,1569.5,2025-10,386.0,-0.27,wta
296.0,Sada Nahimana,25.0,1450.0,381.0,1331.9,255.0,1442.4,275.0,1400.0,1554.7,2025-05,269.0,0.1,wta
297.0,Angelina Voloshchuk,19.1,1449.3,271.0,1435.7,412.0,1296.0,276.0,1399.7,1469.7,2026-07,344.0,-0.15,wta
298.0,Clervie Ngounoue,20.0,1449.1,277.0,1428.1,295.0,1394.0,355.0,1362.3,1690.6,2025-08,501.0,-0.52,wta
299.0,Berfu Cengiz,26.8,1448.0,299.0,1402.9,263.0,1435.3,325.0,1379.3,1611.7,2024-06,276.0,0.08,wta
300.0,Rositsa Dencheva,19.4,1448.0,321.0,1387.2,271.0,1420.9,278.0,1399.0,1484.5,2026-08,299.0,0.0,wta
301.0,Zongyu Li,23.2,1447.6,255.0,1462.9,362.0,1331.1,280.0,1398.8,1528.0,2026-06,302.0,0.0,wta
302.0,Gina Feistel,23.5,1447.4,394.0,1321.4,260.0,1439.1,281.0,1398.7,1557.9,2024-07,301.0,0.0,wta
303.0,Tessah Andrianjafitrimo,27.1,1446.7,291.0,1410.2,270.0,1421.1,348.0,1366.6,1550.6,2024-09,629.0,-0.73,wta
304.0,Luna Vujovic,17.0,1446.0,374.0,1338.0,275.0,1417.7,283.0,1398.0,1489.9,2026-08,350.0,-0.14,wta
305.0,Xiaodi You,30.2,1445.2,248.0,1466.8,368.0,1324.0,436.0,1324.4,1531.4,2026-05,205.0,0.4,wta
306.0,Julie Struplova,21.6,1445.1,362.0,1347.9,265.0,1429.7,285.0,1397.6,1507.3,2026-05,217.0,0.34,wta
307.0,Lea Nilsson,18.1,1442.7,333.0,1375.7,272.0,1420.7,288.0,1396.3,1481.6,2026-07,371.0,-0.19,wta
308.0,Elena Ruxandra Bertea,20.2,1442.3,396.0,1320.3,268.0,1424.4,289.0,1396.2,1610.9,2026-04,252.0,0.2,wta
309.0,Amandine Monnot,24.4,1439.7,268.0,1443.5,322.0,1369.0,291.0,1394.8,1568.4,2026-04,327.0,-0.06,wta
310.0,Amandine Hesse,33.4,1437.4,287.0,1415.8,303.0,1384.6,414.0,1335.2,1573.3,2015-09,415.0,-0.29,wta
311.0,Reese Brantmeier,21.8,1435.4,295.0,1406.2,429.0,1284.8,277.0,1399.6,1446.5,2026-08,425.0,-0.31,wta
312.0,Angela Fita Boluda,27.0,1434.5,435.0,1283.1,276.0,1415.9,357.0,1361.8,1561.8,2024-09,212.0,0.39,wta
313.0,Lizette Cabrera,28.6,1433.8,302.0,1399.8,354.0,1337.9,241.0,1424.9,1588.0,2017-11,294.0,0.06,wta
314.0,Samira De Stefano,22.2,1433.5,304.0,1398.5,334.0,1361.8,295.0,1391.7,1505.7,2026-04,280.0,0.11,wta
315.0,Sara Saito,19.8,1432.2,274.0,1432.4,330.0,1362.7,457.0,1313.5,1664.6,2024-07,243.0,0.26,wta
316.0,Margaux Rouvroy,25.3,1429.1,314.0,1390.8,297.0,1391.7,299.0,1389.5,1545.4,2023-05,340.0,-0.07,wta
317.0,Vivian Wolff,27.8,1428.1,269.0,1439.8,317.0,1374.2,301.0,1389.1,1478.9,2026-07,240.0,0.28,wta
318.0,Yasmine Kabbaj,22.5,1427.1,363.0,1347.7,282.0,1412.9,302.0,1388.5,1464.8,2026-08,291.0,0.09,wta
319.0,Chloe Paquet,32.1,1426.8,296.0,1405.4,291.0,1398.4,392.0,1343.0,1631.4,2024-08,293.0,0.09,wta
320.0,Mei Yamaguchi,27.1,1424.6,307.0,1397.2,390.0,1303.9,375.0,1355.9,1544.4,2025-02,259.0,0.21,wta
321.0,Aneta Kladivova,26.1,1424.0,352.0,1356.1,277.0,1414.7,303.0,1387.0,1498.6,2024-08,485.0,-0.41,wta
322.0,Ekaterina Reyngold,25.0,1423.0,275.0,1431.1,329.0,1362.7,304.0,1386.5,1523.5,2025-10,461.0,-0.36,wta
323.0,Kristina Mladenovic,33.1,1422.4,293.0,1407.8,319.0,1370.7,252.0,1418.0,1989.5,2017-05,852.0,-0.97,wta
324.0,Hong Yi Cody Wong,24.3,1422.4,315.0,1390.3,352.0,1342.1,305.0,1386.2,1437.2,2026-07,626.0,-0.66,wta
325.0,Cadence Brace,21.4,1422.3,283.0,1420.1,472.0,1247.3,433.0,1325.2,1589.0,2025-10,255.0,0.24,wta
326.0,Elena Micic,22.0,1422.0,300.0,1400.2,413.0,1295.8,306.0,1386.0,1453.8,2026-07,273.0,0.18,wta
327.0,Anastasia Zolotareva,24.5,1420.1,357.0,1352.9,283.0,1408.8,310.0,1385.0,1547.8,2026-04,271.0,0.19,wta
328.0,Britt Du Pree,19.5,1418.8,276.0,1430.2,393.0,1302.4,379.0,1354.0,1460.9,2026-08,308.0,0.06,wta
329.0,Zhibek Kulambayeva,26.3,1418.0,443.0,1274.7,292.0,1397.9,311.0,1384.0,1456.1,2026-04,472.0,-0.36,wta
330.0,Eva Bennemann,18.8,1417.2,265.0,1445.9,336.0,1360.5,314.0,1383.6,1535.5,2025-11,309.0,0.07,wta
331.0,Lea Ma,25.5,1416.1,317.0,1389.2,375.0,1318.1,324.0,1379.6,1498.4,2026-07,283.0,0.16,wta
332.0,Miho Kuramochi,28.1,1413.7,305.0,1398.0,373.0,1321.9,322.0,1379.7,1434.2,2024-01,370.0,-0.11,wta
333.0,Aurora Zantedeschi,25.7,1413.7,488.0,1237.5,286.0,1401.9,318.0,1381.8,1526.9,2025-03,292.0,0.13,wta
334.0,Jenny Lim,21.5,1413.1,402.0,1317.8,298.0,1390.0,319.0,1381.6,1477.7,2024-05,387.0,-0.15,wta
335.0,Lea Boskovic,26.9,1411.8,348.0,1361.5,300.0,1386.7,255.0,1415.8,1591.8,2024-08,336.0,0.0,wta
336.0,Ena Shibahara,28.4,1411.7,324.0,1385.2,261.0,1437.2,292.0,1394.7,1713.2,2024-11,481.0,-0.36,wta
337.0,Loes Ebeling Koning,20.4,1410.5,397.0,1320.3,305.0,1381.5,396.0,1342.5,1440.2,2026-08,524.0,-0.44,wta
338.0,Mina Hodzic,24.1,1410.4,313.0,1392.3,308.0,1378.5,356.0,1362.2,1534.3,2024-04,298.0,0.13,wta
339.0,Elena Milovanovic,25.5,1409.4,320.0,1388.2,340.0,1357.9,323.0,1379.7,1454.2,2026-06,397.0,-0.16,wta
340.0,Haruka Kaji,31.8,1408.1,310.0,1394.1,366.0,1326.5,254.0,1416.6,1517.5,2025-03,257.0,0.28,wta
341.0,Martha Matoula,29.2,1407.0,385.0,1328.9,287.0,1400.3,213.0,1453.5,1571.3,2022-08,296.0,0.14,wta
342.0,Selena Janicijevic,24.0,1405.5,375.0,1337.3,301.0,1385.9,287.0,1396.5,1576.3,2024-07,254.0,0.3,wta
343.0,Laima Vladson,18.8,1405.5,419.0,1300.4,302.0,1385.1,327.0,1377.8,1461.8,2026-08,577.0,-0.52,wta
344.0,Matilde Jorge,22.3,1405.1,292.0,1408.5,418.0,1289.8,329.0,1377.5,1519.0,2025-06,297.0,0.15,wta
345.0,Ena Koike,19.6,1404.2,322.0,1386.6,395.0,1301.3,330.0,1377.1,1463.9,2026-07,324.0,0.06,wta
346.0,Despina Papamichail,33.4,1404.1,338.0,1368.5,318.0,1372.6,317.0,1382.2,1551.5,2022-10,188.0,0.61,wta
347.0,Justina Mikulskyte,30.4,1402.3,328.0,1381.3,331.0,1362.3,413.0,1335.5,1527.5,2022-05,238.0,0.38,wta
348.0,Tina Nadine Smith,23.6,1401.1,319.0,1388.2,328.0,1363.1,332.0,1375.5,1532.3,2025-02,419.0,-0.19,wta
349.0,Caroline Uebelhoer,30.2,1400.6,372.0,1338.3,309.0,1378.2,316.0,1382.6,1519.2,2025-04,282.0,0.21,wta
350.0,Naiktha Bains,28.5,1400.4,306.0,1397.2,363.0,1330.6,503.0,1283.0,1427.3,2019-05,367.0,-0.05,wta
351.0,Sakura Hosogi,26.3,1399.7,290.0,1410.7,460.0,1260.6,334.0,1374.8,1477.1,2026-07,343.0,0.02,wta
352.0,Nuria Parrizas Diaz,34.9,1398.1,303.0,1399.5,296.0,1393.7,383.0,1351.8,1765.0,2022-02,700.0,-0.69,wta
353.0,Julie Belgraver,23.8,1397.4,367.0,1341.9,320.0,1370.1,336.0,1373.7,1581.5,2025-06,394.0,-0.11,wta
354.0,Sijia Wei,22.6,1396.9,308.0,1396.0,437.0,1281.2,388.0,1347.8,1762.6,2025-01,398.0,-0.12,wta
355.0,Ane Mintegi Del Olmo,22.8,1395.3,329.0,1380.6,335.0,1360.9,337.0,1372.7,1565.5,2026-04,278.0,0.24,wta
356.0,Daria Khomutsianskaya,22.4,1393.4,330.0,1378.8,382.0,1311.7,338.0,1371.7,1437.7,2026-08,288.0,0.21,wta
357.0,Kathinka Von Deichmann,32.1,1392.9,297.0,1404.4,349.0,1345.9,384.0,1350.4,1625.3,2022-05,322.0,0.1,wta
358.0,Martina Capurro Taborda,28.6,1392.6,415.0,1303.1,311.0,1377.7,269.0,1403.3,1523.2,2023-11,241.0,0.4,wta
359.0,Amarissa Kiara Toth,23.4,1390.4,345.0,1364.2,321.0,1369.1,342.0,1370.2,1605.7,2025-06,392.0,-0.09,wta
360.0,Kyoka Okamura,30.8,1390.0,364.0,1345.1,401.0,1299.9,207.0,1458.2,1537.8,2025-09,279.0,0.25,wta
361.0,Ipek Oz,27.0,1389.3,356.0,1353.4,324.0,1368.2,404.0,1338.6,1563.9,2022-05,403.0,-0.11,wta
362.0,Tessa Johanna Brockmann,20.7,1388.7,379.0,1334.0,351.0,1342.9,333.0,1375.3,1471.1,2026-07,339.0,0.07,wta
363.0,Julia Stusek,18.0,1387.5,395.0,1320.6,350.0,1343.4,415.0,1335.2,1407.9,2026-03,379.0,-0.04,wta
364.0,Sofya Lansere,25.8,1387.2,298.0,1403.5,367.0,1324.2,343.0,1368.6,1503.5,2024-01,268.0,0.31,wta
365.0,Eryn Cayetano,25.1,1385.7,334.0,1373.7,459.0,1261.3,344.0,1367.9,1405.5,2026-02,368.0,-0.01,wta
366.0,Isabella Shinikova,34.8,1385.2,280.0,1425.0,462.0,1257.3,495.0,1290.5,1640.8,2019-10,347.0,0.05,wta
367.0,Lucija Ciric Bagaric,22.6,1384.1,448.0,1271.7,315.0,1375.8,394.0,1342.7,1540.7,2024-07,360.0,0.02,wta
368.0,Su Jeong Jang,30.9,1383.6,354.0,1354.5,279.0,1414.0,418.0,1333.3,1643.8,2017-05,605.0,-0.5,wta
369.0,Yuki Naito,25.4,1383.3,323.0,1386.3,447.0,1271.9,410.0,1336.1,1525.0,2022-06,286.0,0.25,wta
370.0,Hiromi Abe,26.1,1380.7,349.0,1360.8,389.0,1305.3,349.0,1365.3,1499.2,2026-02,359.0,0.03,wta
371.0,Maria Sara Popa,20.9,1380.6,463.0,1257.9,343.0,1356.9,350.0,1365.3,1461.0,2023-09,413.0,-0.11,wta
372.0,Yuriko Miyazaki,30.6,1380.2,341.0,1366.4,464.0,1252.5,406.0,1337.6,1629.1,2023-01,361.0,0.03,wta
373.0,Anna Kubareva,25.4,1375.8,343.0,1364.7,443.0,1275.2,352.0,1362.9,1469.7,2026-06,509.0,-0.31,wta
374.0,Gabriela Lee,30.6,1374.6,438.0,1280.0,307.0,1378.8,489.0,1295.0,1608.8,2022-05,701.0,-0.63,wta
375.0,Dalila Jakupovic,35.3,1373.9,344.0,1364.6,358.0,1334.8,438.0,1323.4,1762.6,2018-07,363.0,0.03,wta
376.0,Kylie Collins,23.6,1372.3,360.0,1350.5,385.0,1309.4,340.0,1370.9,1453.1,2026-07,407.0,-0.08,wta
377.0,Deborah Chiesa,30.1,1372.3,437.0,1281.0,327.0,1364.9,419.0,1332.3,1581.4,2018-05,328.0,0.14,wta
378.0,Yidi Yang,26.4,1372.0,339.0,1367.9,430.0,1284.6,358.0,1361.0,1445.3,2026-03,364.0,0.04,wta
379.0,Alice Rame,28.7,1370.3,522.0,1189.0,313.0,1376.3,423.0,1329.6,1596.5,2025-10,247.0,0.43,wta
380.0,Xinxin Yao,22.8,1370.2,301.0,1400.0,441.0,1278.2,359.0,1360.1,1539.4,2025-01,277.0,0.32,wta
381.0,Misaki Matsuda,27.7,1369.1,358.0,1350.7,344.0,1356.0,361.0,1359.5,1472.5,2022-08,416.0,-0.09,wta
382.0,Ella Mcdonald,20.9,1368.6,476.0,1249.9,424.0,1286.8,308.0,1385.4,1487.4,2025-06,458.0,-0.18,wta
383.0,Petra Sedlackova,24.9,1367.8,422.0,1298.9,353.0,1339.8,362.0,1358.9,1414.5,2026-07,705.0,-0.61,wta
384.0,Eunhye Lee,26.2,1367.7,355.0,1353.7,403.0,1298.9,363.0,1358.9,1436.6,2025-11,345.0,0.11,wta
385.0,Hibah Shaikh,23.7,1366.2,342.0,1364.8,377.0,1316.1,367.0,1358.1,1431.8,2026-02,306.0,0.23,wta
386.0,Mingge Xu,18.7,1365.9,370.0,1338.9,406.0,1298.0,479.0,1301.6,1566.3,2025-12,332.0,0.15,wta
387.0,Varvara Panshina,20.5,1364.3,412.0,1306.5,288.0,1399.4,369.0,1357.1,1530.0,2026-04,338.0,0.14,wta
388.0,Viola Turini,20.5,1364.1,421.0,1299.0,337.0,1360.4,370.0,1357.1,1389.9,2026-07,517.0,-0.29,wta
389.0,Carol Zhao,31.1,1363.8,327.0,1381.8,435.0,1282.0,416.0,1334.9,1576.7,2017-11,586.0,-0.41,wta
390.0,Dalila Spiteri,29.2,1362.6,436.0,1281.5,339.0,1359.1,372.0,1356.3,1488.8,2023-07,362.0,0.07,wta
391.0,Rasheeda Mcadoo,31.1,1362.2,418.0,1301.0,380.0,1313.1,373.0,1356.1,1373.7,2026-08,451.0,-0.14,wta
392.0,Jia Jing Lu,36.6,1361.6,382.0,1331.0,361.0,1331.4,514.0,1271.4,1530.1,2021-01,378.0,0.04,wta
393.0,Weronika Falkowska,26.1,1360.9,312.0,1392.5,448.0,1270.3,376.0,1355.4,1411.9,2022-11,314.0,0.22,wta
394.0,Natsumi Kawaguchi,23.8,1359.8,366.0,1342.2,414.0,1294.9,437.0,1324.4,1517.4,2023-05,401.0,-0.02,wta
395.0,Iva Primorac,30.2,1358.6,480.0,1245.9,323.0,1368.2,378.0,1354.3,1436.2,2024-09,436.0,-0.1,wta
396.0,Yufei Ren,20.3,1357.8,409.0,1310.1,325.0,1367.1,380.0,1353.9,1428.5,2024-05,312.0,0.24,wta
397.0,Victoria Rodriguez,30.8,1356.9,369.0,1340.7,407.0,1297.8,381.0,1353.5,1470.7,2015-10,453.0,-0.13,wta
398.0,Miriana Tona,31.5,1356.8,383.0,1329.4,365.0,1327.4,382.0,1353.4,1429.3,2024-04,355.0,0.11,wta
399.0,Tena Lukas,31.2,1356.6,414.0,1304.9,355.0,1337.3,420.0,1331.5,1543.0,2018-07,422.0,-0.06,wta
400.0,Hanna Chang,28.4,1355.0,391.0,1322.6,312.0,1377.2,472.0,1304.4,1505.5,2025-04,295.0,0.3,wta
401.0,Esther Adeshina,24.8,1353.1,429.0,1290.0,417.0,1291.6,360.0,1360.0,1376.4,2026-07,468.0,-0.15,wta
402.0,Elena Malygina,26.1,1350.5,337.0,1370.9,452.0,1265.8,240.0,1425.3,1470.1,2019-02,316.0,0.24,wta
403.0,Ranah Akua Stoiber,21.0,1350.0,388.0,1325.2,422.0,1287.9,442.0,1321.0,1450.1,2025-08,556.0,-0.32,wta
404.0,Georgia Pedone,21.9,1349.9,524.0,1187.7,347.0,1347.9,397.0,1342.3,1563.8,2024-09,289.0,0.33,wta
405.0,Kira Pavlova,22.2,1349.6,384.0,1329.3,419.0,1289.8,385.0,1349.8,1394.5,2024-04,337.0,0.18,wta
406.0,Miriam Bianca Bulgaru,27.8,1349.2,440.0,1277.4,379.0,1314.4,462.0,1312.0,1590.4,2024-09,323.0,0.23,wta
407.0,Mathilde Lollia,26.1,1348.6,458.0,1260.6,371.0,1323.2,386.0,1349.3,1472.7,2025-09,624.0,-0.43,wta
408.0,Sohyun Park,24.1,1347.2,351.0,1359.1,410.0,1297.6,244.0,1423.6,1536.6,2019-09,333.0,0.2,wta
409.0,Ayano Shimizu,28.1,1346.8,405.0,1314.7,486.0,1231.7,366.0,1358.5,1527.1,2018-07,572.0,-0.34,wta
410.0,Valeria Savinykh,35.4,1344.2,398.0,1318.9,471.0,1247.5,453.0,1314.8,1713.2,2012-03,671.0,-0.49,wta
411.0,Ekaterina Maklakova,22.2,1343.3,400.0,1318.3,384.0,1309.9,389.0,1346.6,1496.6,2024-03,474.0,-0.14,wta
412.0,Denislava Glushkova,22.5,1342.0,282.0,1421.0,369.0,1323.9,250.0,1421.0,1441.2,2023-04,432.0,-0.05,wta
413.0,Haley Giavara,25.6,1341.6,392.0,1322.1,466.0,1252.3,374.0,1356.0,1423.4,2023-07,470.0,-0.13,wta
414.0,Viktoria Morvayova,25.3,1341.1,380.0,1332.3,456.0,1264.1,328.0,1377.6,1441.9,2026-03,311.0,0.29,wta
415.0,Amelia Rajecki,24.1,1340.8,481.0,1245.8,427.0,1285.4,506.0,1279.9,1468.1,2024-06,382.0,0.08,wta
416.0,Malaika Rapolu,23.2,1340.6,390.0,1324.0,423.0,1287.7,390.0,1345.3,1526.4,2024-11,346.0,0.18,wta
417.0,Kristiana Sidorova,20.1,1339.9,373.0,1338.3,461.0,1260.4,391.0,1344.9,1462.0,2026-02,399.0,0.04,wta
418.0,Rina Saigo,25.7,1338.9,386.0,1328.0,475.0,1245.5,399.0,1341.0,1407.3,2023-05,270.0,0.44,wta
419.0,Saki Imamura,23.6,1338.0,401.0,1318.1,432.0,1284.0,411.0,1336.0,1427.6,2025-10,736.0,-0.56,wta
420.0,Zuzanna Pawlikowska,21.4,1335.6,376.0,1337.2,431.0,1284.3,393.0,1342.8,1487.4,2026-02,383.0,0.09,wta
421.0,Manon Leonard,25.4,1335.4,371.0,1338.9,525.0,1168.9,520.0,1265.9,1574.5,2024-03,329.0,0.25,wta
422.0,Hina Inoue,23.1,1335.4,403.0,1317.6,497.0,1211.5,408.0,1337.4,1550.8,2024-10,281.0,0.41,wta
423.0,Lina Glushko,26.5,1334.3,389.0,1324.7,402.0,1299.0,286.0,1396.6,1581.4,2019-02,530.0,-0.23,wta
424.0,Weronika Ewald,20.4,1333.3,445.0,1272.7,326.0,1365.5,398.0,1341.6,1428.5,2026-02,430.0,-0.01,wta
425.0,Katarina Kuzmova,24.9,1331.2,387.0,1326.0,513.0,1189.1,400.0,1340.6,1388.3,2026-06,272.0,0.45,wta
426.0,Dalayna Hewitt,25.6,1331.1,404.0,1316.8,493.0,1218.7,401.0,1340.5,1492.7,2022-03,595.0,-0.33,wta
427.0,Ekaterina Kazionova,27.5,1330.7,416.0,1303.0,394.0,1301.8,446.0,1319.5,1515.5,2025-07,487.0,-0.13,wta
428.0,Anastasia Abbagnato,22.6,1330.6,434.0,1284.1,370.0,1323.3,402.0,1340.3,1447.4,2025-10,560.0,-0.27,wta
429.0,Carlota Martinez Cirez,25.4,1330.5,502.0,1223.4,381.0,1311.9,440.0,1321.3,1420.6,2025-07,388.0,0.1,wta
430.0,Lucie Nguyen Tan,23.1,1327.9,469.0,1254.8,409.0,1297.7,403.0,1339.0,1491.1,2022-06,424.0,0.01,wta
431.0,Diana Martynov,25.2,1327.3,433.0,1284.5,411.0,1296.6,405.0,1338.6,1521.5,2024-10,435.0,-0.01,wta
432.0,Tatiana Pieri,27.3,1325.0,432.0,1285.3,404.0,1298.6,407.0,1337.5,1415.2,2025-09,438.0,-0.01,wta
433.0,Georgina Garcia Perez,34.1,1324.4,426.0,1295.5,359.0,1333.1,473.0,1304.4,1676.8,2018-09,776.0,-0.58,wta
434.0,Jana Kolodynska,22.4,1322.7,399.0,1318.7,505.0,1201.2,484.0,1297.5,1443.8,2023-10,592.0,-0.31,wta
435.0,Gergana Topalova,25.8,1322.3,528.0,1172.7,383.0,1310.1,432.0,1326.0,1455.2,2024-07,491.0,-0.12,wta
436.0,Radka Zelnickova,23.1,1321.7,424.0,1297.6,458.0,1263.1,412.0,1335.9,1368.0,2025-11,349.0,0.22,wta
437.0,Wushuang Zheng,27.5,1319.7,410.0,1308.2,474.0,1245.9,417.0,1334.9,1518.4,2025-04,507.0,-0.15,wta
438.0,Gabriela Ce,33.4,1318.7,471.0,1253.1,408.0,1297.8,468.0,1307.4,1517.0,2022-05,330.0,0.28,wta
439.0,Carolyn Ansari,25.5,1318.1,407.0,1312.1,457.0,1263.9,458.0,1313.3,1477.4,2026-05,248.0,0.57,wta
440.0,Sahaja Yamalapalli,25.7,1315.6,423.0,1298.5,479.0,1238.7,451.0,1315.7,1465.4,2026-01,342.0,0.25,wta
441.0,Anouck Vrancken Peeters,23.4,1314.1,361.0,1350.2,428.0,1285.4,529.0,1257.4,1550.4,2026-05,317.0,0.33,wta
442.0,Momoko Kobori,27.9,1313.9,413.0,1306.3,519.0,1180.1,469.0,1306.0,1439.9,2018-05,372.0,0.17,wta
443.0,Cagla Buyukakcay,36.8,1310.9,406.0,1312.1,420.0,1289.7,542.0,1219.7,1727.7,2016-05,421.0,0.05,wta
444.0,Julie Pastikova,18.1,1310.9,462.0,1258.3,392.0,1302.9,421.0,1330.5,1483.5,2024-06,414.0,0.07,wta
445.0,Valentina Steiner,20.0,1310.1,441.0,1276.9,391.0,1303.4,422.0,1330.0,1328.5,2026-08,492.0,-0.1,wta
446.0,Emily Appleton,26.8,1308.9,447.0,1272.2,484.0,1235.0,486.0,1296.7,1437.9,2024-06,448.0,0.0,wta
447.0,Priska Madelyn Nugroho,23.1,1307.9,428.0,1295.4,357.0,1335.1,268.0,1404.0,1559.9,2020-03,395.0,0.12,wta
448.0,Daria Lodikova,29.4,1307.8,492.0,1234.1,397.0,1301.1,424.0,1328.9,1453.4,2024-10,600.0,-0.29,wta
449.0,Raluka Serban,29.1,1307.7,368.0,1340.9,433.0,1282.9,409.0,1336.7,1648.9,2022-04,373.0,0.19,wta
450.0,Jessica Pieri,29.2,1307.6,455.0,1262.8,399.0,1300.4,448.0,1318.3,1610.2,2021-05,335.0,0.3,wta
451.0,Victoria Allen,25.4,1306.9,431.0,1286.2,450.0,1268.5,534.0,1248.9,1316.4,2026-07,433.0,0.04,wta
452.0,Ana Sofia Sanchez,32.2,1306.4,442.0,1275.9,386.0,1309.1,478.0,1302.3,1487.1,2025-07,406.0,0.11,wta
453.0,Ellie Schoppe,24.6,1305.3,408.0,1312.0,477.0,1243.4,425.0,1327.7,1340.4,2025-09,758.0,-0.51,wta
454.0,Dayeon Back,24.5,1305.3,457.0,1260.9,425.0,1286.8,426.0,1327.7,1506.1,2024-09,266.0,0.53,wta
455.0,Sofia Rocchetti,23.9,1304.7,472.0,1252.8,416.0,1292.1,428.0,1327.3,1366.9,2025-11,550.0,-0.19,wta
456.0,Lia Karatancheva,22.9,1304.7,497.0,1228.1,415.0,1292.7,427.0,1327.3,1478.0,2025-05,376.0,0.19,wta
457.0,Alina Granwehr,23.0,1304.2,451.0,1267.1,426.0,1286.6,429.0,1327.1,1421.5,2026-04,319.0,0.36,wta
458.0,Beatrise Zeltina,19.4,1304.1,496.0,1229.0,388.0,1308.5,430.0,1327.1,1327.4,2025-09,464.0,-0.01,wta
459.0,Antonia Vergara Rivera,19.7,1303.7,452.0,1266.8,434.0,1282.5,431.0,1326.8,1395.9,2025-11,366.0,0.23,wta
460.0,Anastasia Tikhonova,25.5,1303.1,439.0,1279.9,449.0,1269.2,270.0,1403.1,1592.0,2022-03,260.0,0.57,wta
461.0,Joelle Lilly Sophie Steur,22.3,1299.7,427.0,1295.5,453.0,1265.6,434.0,1324.8,1318.5,2026-07,357.0,0.26,wta
462.0,Mell Elizabeth Reasco Gonzalez,23.9,1296.2,346.0,1364.0,473.0,1246.1,282.0,1398.1,1440.8,2026-01,331.0,0.33,wta
463.0,Maria Kozyreva,27.1,1296.0,411.0,1307.6,469.0,1248.8,521.0,1265.9,1586.1,2024-03,581.0,-0.23,wta
464.0,Meiqi Guo,26.2,1295.7,475.0,1251.4,444.0,1274.5,439.0,1322.8,1346.6,2025-09,622.0,-0.29,wta
465.0,Diletta Cherubini,24.2,1292.5,495.0,1231.3,442.0,1276.3,441.0,1321.3,1417.6,2025-06,375.0,0.22,wta
466.0,Aneta Laboutkova,26.2,1290.6,506.0,1219.4,455.0,1265.0,443.0,1320.3,1339.7,2026-08,428.0,0.09,wta
467.0,Cristina Diaz Adrover,20.3,1290.4,509.0,1217.7,421.0,1289.0,444.0,1320.2,1359.0,2025-09,655.0,-0.34,wta
468.0,Maria Florencia Urrutia,25.3,1289.8,459.0,1259.9,440.0,1279.5,445.0,1319.9,1383.6,2026-05,462.0,0.01,wta
469.0,Sofia Johnson,,1289.3,453.0,1264.9,482.0,1236.4,467.0,1308.8,1300.8,2026-06,454.0,0.03,wta
470.0,Alessandra Mazzola,26.6,1287.2,461.0,1258.6,446.0,1272.1,447.0,1318.6,1514.5,2025-07,390.0,0.19,wta
471.0,Lucia Cortez Llorca,26.1,1285.7,530.0,1167.9,360.0,1332.2,449.0,1317.8,1483.2,2024-08,463.0,0.02,wta
472.0,Valentini Grammatikopoulou,29.4,1284.9,464.0,1257.2,398.0,1300.7,535.0,1247.7,1617.7,2018-04,557.0,-0.17,wta
473.0,Sofia Elena Cabezas Dominguez,24.2,1283.1,417.0,1302.3,509.0,1197.0,450.0,1316.5,1416.1,2026-02,498.0,-0.05,wta
474.0,Ariana Arseneault,24.1,1281.6,449.0,1271.1,491.0,1226.3,483.0,1298.4,1301.8,2026-06,381.0,0.22,wta
475.0,Madison Sieg,23.1,1279.7,444.0,1273.5,489.0,1227.9,454.0,1314.8,1336.0,2025-07,348.0,0.31,wta
476.0,Nahia Berecoechea,22.2,1278.9,511.0,1217.3,438.0,1280.8,455.0,1314.4,1374.4,2026-02,506.0,-0.06,wta
477.0,Elina Nepliy,28.7,1278.8,474.0,1251.7,405.0,1298.0,456.0,1314.4,1369.6,2025-10,488.0,-0.02,wta
478.0,Andreea Prisacariu,26.4,1275.9,484.0,1241.0,465.0,1252.4,459.0,1313.0,1380.7,2022-05,496.0,-0.04,wta
479.0,Tiphanie Fiquet,26.2,1275.6,470.0,1254.0,445.0,1272.3,460.0,1312.8,1449.7,2025-10,400.0,0.18,wta
480.0,Carla Markus,20.2,1275.1,473.0,1252.6,454.0,1265.2,461.0,1312.6,1351.3,2026-01,516.0,-0.07,wta
481.0,Indianna Spink,23.7,1273.2,454.0,1264.7,467.0,1251.6,499.0,1285.3,1348.9,2026-06,623.0,-0.26,wta
482.0,Alice Robbe,25.9,1272.4,508.0,1217.8,364.0,1329.2,481.0,1300.5,1499.5,2023-10,854.0,-0.57,wta
483.0,Pia Lovric,24.3,1270.7,446.0,1272.7,451.0,1267.1,309.0,1385.3,1532.9,2022-04,528.0,-0.09,wta
484.0,Yasmine Mansouri,25.2,1270.1,430.0,1287.5,535.0,1137.4,464.0,1310.1,1399.3,2024-11,377.0,0.25,wta
485.0,Francesca Pace,20.9,1269.6,456.0,1262.8,476.0,1244.9,465.0,1309.8,1341.4,2026-06,352.0,0.32,wta
486.0,Ekaterina Ovcharenko,25.5,1269.1,501.0,1224.0,436.0,1281.8,466.0,1309.5,1402.6,2025-09,639.0,-0.27,wta
487.0,Leonie Kung,24.9,1268.4,425.0,1297.5,490.0,1226.5,530.0,1256.0,1632.1,2021-03,899.0,-0.61,wta
488.0,Anna Sinclair Rogers,28.3,1268.3,485.0,1240.2,478.0,1242.1,435.0,1324.7,1432.3,2024-11,326.0,0.4,wta
489.0,Carolina Alves,30.2,1267.2,450.0,1268.7,468.0,1251.3,525.0,1260.0,1582.2,2022-05,313.0,0.45,wta
490.0,Briana Szabo,20.6,1266.0,486.0,1238.3,439.0,1280.2,315.0,1383.0,1437.6,2021-08,537.0,-0.09,wta
491.0,Urszula Radwanska,35.6,1264.1,489.0,1236.0,374.0,1319.8,474.0,1304.3,1885.0,2012-09,634.0,-0.26,wta
492.0,Jiaqi Wang,24.1,1261.6,479.0,1246.8,488.0,1228.3,470.0,1305.8,1355.4,2025-09,396.0,0.22,wta
493.0,Ankita Raina,33.5,1261.5,493.0,1233.0,376.0,1317.2,517.0,1267.4,1517.7,2018-04,590.0,-0.18,wta
494.0,Martina Colmegna,29.6,1260.3,482.0,1245.2,470.0,1248.5,471.0,1305.2,1526.9,2023-01,341.0,0.37,wta
495.0,Yujia Huang,23.7,1258.3,420.0,1300.0,534.0,1140.7,475.0,1304.2,1366.8,2026-07,477.0,0.04,wta
496.0,Dasha Plekhanova,22.4,1257.6,491.0,1234.6,502.0,1204.6,476.0,1303.8,1414.0,2025-10,793.0,-0.47,wta
497.0,Alana Smith,26.7,1256.3,460.0,1258.9,529.0,1160.1,512.0,1273.8,1489.9,2024-11,420.0,0.17,wta
498.0,Peangtarn Plipuech,33.5,1254.6,468.0,1255.0,524.0,1175.7,510.0,1277.6,1452.6,2019-05,753.0,-0.41,wta
499.0,Stephanie Judith Visscher,26.5,1253.0,466.0,1255.3,523.0,1176.0,480.0,1301.5,1322.9,2026-06,385.0,0.26,wta
500.0,Ying Zhang,30.2,1248.0,487.0,1238.2,511.0,1194.5,482.0,1299.0,1294.0,2026-07,670.0,-0.29,wta
501.0,Eri Shimizu,27.9,1245.0,500.0,1225.9,480.0,1237.5,477.0,1303.6,1466.2,2024-09,411.0,0.2,wta
502.0,Astrid Lew Yan Foon,20.9,1243.8,477.0,1249.6,495.0,1214.2,485.0,1296.9,1438.9,2024-04,469.0,0.07,wta
503.0,Vaishnavi Adkar,21.5,1241.0,498.0,1227.2,483.0,1235.5,487.0,1295.5,1383.7,2026-02,389.0,0.26,wta
504.0,Laura Hietaranta,22.4,1240.3,504.0,1223.1,501.0,1208.8,488.0,1295.1,1395.4,2026-05,427.0,0.17,wta
505.0,Celia Cervino Ruiz,28.6,1236.8,494.0,1232.9,512.0,1190.0,490.0,1293.4,1262.5,2026-08,680.0,-0.3,wta
506.0,Ruien Zhang,18.2,1235.9,499.0,1226.6,485.0,1232.9,491.0,1292.9,1349.0,2025-04,654.0,-0.26,wta
507.0,Nina Vargova,20.8,1235.1,514.0,1208.6,496.0,1213.2,492.0,1292.6,1333.2,2022-11,404.0,0.23,wta
508.0,Josy Daems,20.3,1234.1,510.0,1217.7,516.0,1186.4,493.0,1292.0,1373.7,2025-08,549.0,-0.08,wta
509.0,Laura Mair,23.6,1233.8,513.0,1210.9,487.0,1230.1,494.0,1291.9,1424.3,2025-10,429.0,0.17,wta
510.0,Maria Martinez Vaquero,24.4,1228.4,465.0,1256.7,533.0,1142.5,496.0,1289.2,1418.2,2025-08,502.0,0.02,wta
511.0,Jasmijn Gimbrere,25.4,1222.6,507.0,1218.7,504.0,1201.5,536.0,1242.8,1371.5,2025-08,482.0,0.06,wta
512.0,Ksenia Zaytseva,21.9,1222.1,478.0,1247.0,514.0,1188.1,497.0,1286.1,1468.1,2023-12,544.0,-0.06,wta
513.0,Katerina Tsygourova,26.2,1221.8,512.0,1212.1,498.0,1211.2,498.0,1285.9,1272.5,2026-02,391.0,0.27,wta
514.0,Victoria Bosio,31.7,1220.0,521.0,1190.5,503.0,1203.6,500.0,1285.0,1487.2,2020-02,320.0,0.47,wta
515.0,Isabella Maria Serban,20.3,1219.4,503.0,1223.4,510.0,1196.9,501.0,1284.7,1298.3,2026-05,505.0,0.02,wta
516.0,Anastasiia Firman,19.5,1219.0,526.0,1182.6,499.0,1210.5,502.0,1284.5,1256.7,2026-07,588.0,-0.13,wta
517.0,Ana Candiotto,22.2,1214.8,515.0,1201.6,508.0,1197.3,504.0,1282.4,1274.3,2025-10,466.0,0.1,wta
518.0,Martina Okalova,29.1,1213.6,505.0,1222.4,515.0,1187.8,505.0,1281.8,1504.3,2025-05,484.0,0.07,wta
519.0,Nicole Fossa Huergo,30.7,1209.6,517.0,1198.5,522.0,1176.4,507.0,1279.8,1453.7,2024-12,621.0,-0.18,wta
520.0,Chelsea Fontenel,22.0,1206.4,490.0,1235.9,531.0,1152.3,508.0,1278.2,1325.7,2024-11,631.0,-0.19,wta
521.0,Jana Otzipka,21.5,1206.2,483.0,1241.8,528.0,1162.5,509.0,1278.1,1280.2,2025-04,483.0,0.08,wta
522.0,Sara Cakarevic,29.3,1202.3,525.0,1184.5,500.0,1210.4,511.0,1276.2,1459.6,2024-10,575.0,-0.1,wta
523.0,Nika Radisic,26.2,1196.0,518.0,1192.7,507.0,1199.2,387.0,1348.0,1566.5,2021-07,886.0,-0.53,wta
524.0,Victoria Hu,24.1,1194.8,519.0,1191.9,527.0,1164.4,513.0,1272.4,1478.5,2024-02,518.0,0.01,wta
525.0,Gina Marie Dittmann,23.8,1190.4,527.0,1176.9,518.0,1184.9,515.0,1270.2,1337.5,2026-06,512.0,0.03,wta
526.0,Ikumi Yamazaki,24.9,1189.0,523.0,1188.8,494.0,1215.3,516.0,1269.5,1493.3,2025-08,641.0,-0.2,wta
527.0,Marine Szostak,24.4,1184.1,533.0,1152.7,492.0,1221.8,518.0,1267.0,1285.4,2025-10,734.0,-0.33,wta
528.0,Gabriella Da Silva Fick,25.8,1184.0,529.0,1168.5,520.0,1177.4,519.0,1267.0,1310.4,2025-11,696.0,-0.28,wta
529.0,Yaroslava Bartashevich,21.2,1181.5,539.0,1132.5,526.0,1167.1,522.0,1265.8,1499.9,2025-04,520.0,0.02,wta
530.0,Kristina Novak,25.7,1180.9,516.0,1199.2,537.0,1125.9,523.0,1265.4,1336.8,2025-10,685.0,-0.26,wta
531.0,Valeriya Strakhova,31.1,1173.2,541.0,1105.6,517.0,1185.3,524.0,1261.6,1455.2,2025-03,542.0,-0.02,wta
532.0,Daria Zelinskaya,21.8,1168.9,532.0,1157.4,506.0,1199.5,526.0,1259.5,1337.4,2026-04,598.0,-0.12,wta
533.0,Mayuka Aikawa,28.3,1167.6,540.0,1127.3,521.0,1176.9,527.0,1258.8,1237.7,2025-09,548.0,-0.03,wta
534.0,Natalija Senic,23.6,1166.7,467.0,1255.1,542.0,1109.6,528.0,1258.4,1291.3,2025-03,351.0,0.42,wta
535.0,Sofia Shapatava,37.5,1163.2,531.0,1165.2,530.0,1155.5,540.0,1227.0,1540.0,2014-06,471.0,0.13,wta
536.0,Chengyiyi Yuan,25.7,1152.4,543.0,1070.0,481.0,1237.1,532.0,1251.2,1322.3,2016-10,442.0,0.19,wta
537.0,Lian Tran,24.0,1152.3,520.0,1191.1,536.0,1133.6,531.0,1254.3,1501.0,2025-02,829.0,-0.43,wta
538.0,Nadiia Kolb,33.2,1150.7,538.0,1134.4,532.0,1147.6,533.0,1250.3,1236.7,2026-02,900.0,-0.51,wta
539.0,Ekaterina Yashina,32.9,1145.9,536.0,1143.4,543.0,1108.7,545.0,1208.1,1263.8,2011-07,510.0,0.06,wta
540.0,Julia Adams,26.8,1131.6,535.0,1148.9,540.0,1119.0,537.0,1240.8,1380.3,2025-03,476.0,0.13,wta
541.0,Ana Grubor,22.5,1127.8,537.0,1137.6,541.0,1114.8,538.0,1238.9,1221.7,2026-07,534.0,0.01,wta
542.0,Sapfo Sakellaridi,23.3,1119.6,544.0,1069.8,539.0,1123.8,539.0,1234.8,1437.6,2023-07,446.0,0.19,wta
543.0,Demi Tran,25.6,1092.4,534.0,1149.0,547.0,1065.1,541.0,1221.2,1298.0,2024-07,693.0,-0.24,wta
544.0,Alba Rey Garcia,24.1,1089.1,542.0,1086.3,544.0,1097.3,543.0,1219.6,1169.0,2024-08,625.0,-0.14,wta
545.0,Chenting Zhu,18.7,1082.0,545.0,1064.4,538.0,1125.5,544.0,1216.0,1205.2,2024-09,648.0,-0.17,wta
546.0,Amy Zhu,31.6,1050.8,546.0,1060.2,545.0,1084.7,546.0,1200.4,1312.7,2019-09,692.0,-0.24,wta
547.0,Sara Lanca,28.9,1019.6,547.0,1003.5,546.0,1077.3,547.0,1184.8,1187.1,2021-09,1162.0,-0.75,wta
